Date,PM 2.5 [ug/m3],Mean,Median,Std,Min,Max,DayOfWeek,Month,DayOfYear,Trend,Seasonal,Resid
2022-01-01,4.934921,,,,,,5,1,1,24.212075219661447,-17.424580499296077,-1.8525737203653705
2022-01-02,10.341562,,,,,,6,1,2,23.920993961646435,-12.747473112672,-0.8319588489744341
2022-01-03,5.007348,,,,,,0,1,3,23.603978748850178,-15.34930023100207,-3.247330517848109
2022-01-04,9.688094,,,,,,1,1,4,23.258333628936423,-8.882772881635033,-4.687466747301389
2022-01-05,5.914476,,,,,,2,1,5,22.882370915161143,-16.43451281851687,-0.5333820966442744
2022-01-06,6.005189,,,,,,3,1,6,22.47590435776091,-14.440996579011246,-2.0297187787496647
2022-01-07,13.716152,,,,,,4,1,7,22.039761896211676,-6.731669430099025,-1.59194046611265
2022-01-08,19.322357,,,,,,5,1,8,21.576233705509598,-5.326121111709576,3.072244406199978
2022-01-09,33.909314,,,,,,6,1,9,21.089529519387135,6.880762374628473,5.939022105984392
2022-01-10,43.070916,,,,,,0,1,10,20.58555587207012,14.587450836232309,7.8979092916975695
2022-01-11,63.970798,,,,,,1,1,11,20.071812333295533,36.208623324817005,7.6903623418874645
2022-01-12,31.368494,,,,,,2,1,12,19.556338842334988,16.63276208623243,-4.820606928567418
2022-01-13,10.032802,,,,,,3,1,13,19.037655576240223,-10.583612583766328,1.5787590075261058
2022-01-14,10.323119,19.114681571428573,10.3323405,17.66348613038769,4.934921,63.970798,4,1,14,18.450242069185357,-8.23966013717425,0.1125370679888924
2022-01-15,13.733921,19.743181571428575,12.028856999999999,17.272344396981456,5.007348,63.970798,5,1,15,17.43484235606378,-8.132228001432921,4.431306645369144
2022-01-16,19.630789,20.40669778571429,13.7250365,17.060523667169683,5.007348,63.970798,6,1,16,16.399330162917742,-5.399850832420665,8.631309669502922
2022-01-17,4.735347,20.387269142857143,13.7250365,17.07955380967949,4.735347,63.970798,0,1,17,15.364019746340636,-10.163150918988615,-0.4655218273520223
2022-01-18,7.674305,20.243427071428574,13.7250365,17.184748379728244,4.735347,63.970798,1,1,18,14.35268430649348,-9.540971448685536,2.8625921421920566
2022-01-19,12.264329,20.696988,13.7250365,16.85816310226307,4.735347,63.970798,2,1,19,13.386258051257702,-2.5028123049068056,1.3808832536491042
2022-01-20,3.973222,20.5518475,13.7250365,17.002511334941406,3.973222,63.970798,3,1,20,12.488860183879314,-2.948146786036892,-5.5674913978424225
2022-01-21,4.190932,19.871474642857144,12.999125,17.480939540662018,3.973222,63.970798,4,1,21,11.671693011206873,1.6403541592147002,-9.121115170421573
2022-01-22,5.733206,18.900821,11.293724000000001,17.886352694004238,3.973222,63.970798,5,1,22,10.924255357282437,8.189472242072075,-13.380521599354513
2022-01-23,15.78446,17.60618857142857,11.293724000000001,17.36480256377563,3.973222,63.970798,6,1,23,10.235958510290533,18.957760687384333,-13.409259197674867
2022-01-24,27.958402,16.526723285714287,11.293724000000001,16.08242071963192,3.973222,63.970798,0,1,24,9.608330962207399,8.69477457346102,9.655296464331583
2022-01-25,7.365961,12.483520642857144,10.177960500000001,8.622376275383896,3.973222,31.368494,1,1,25,9.0564101588539,-4.72651092033307,3.0360617614791714
2022-01-26,6.712761,10.722396857142858,8.8535535,6.792119271405944,3.973222,27.958402,2,1,26,8.618407574554588,-4.321198178398392,2.415551603843804
2022-01-27,8.055299,10.581146642857144,7.864802,6.828030697911761,3.973222,27.958402,3,1,27,8.324887763627348,-1.8584888542879017,1.5889000906605535
2022-01-28,1.705395,9.96559492857143,7.520133,7.229713133637043,1.705395,27.958402,4,1,28,8.189961963061403,-2.220816587564349,-4.263750375497055
2022-01-29,6.984887,9.483521071428571,7.175424,7.183981012552877,1.705395,27.958402,5,1,29,8.201931331114215,-4.185194398206021,2.9681500670918055
2022-01-30,3.828081,8.354756214285713,6.8488240000000005,6.691579070872346,1.705395,27.958402,6,1,30,8.322324947825653,-4.735924600234013,0.24168065240836079
2022-01-31,12.754385,8.927544642857143,7.175424,6.701133051263297,1.705395,27.958402,0,1,31,8.502300526596423,1.5184344576316207,2.733650015771955
2022-02-01,9.561409,9.062337785714286,7.175424,6.692959561310003,1.705395,27.958402,1,2,32,8.682501565683518,0.87330417210703,0.005603262209451287
2022-02-02,4.100249,8.479189214285714,6.8488240000000005,6.747950718854877,1.705395,27.958402,2,2,33,8.83174043422136,-0.7408399310712825,-3.990651503150077
2022-02-03,13.117264,9.132335071428571,7.175424,6.720740056462666,1.705395,27.958402,3,2,34,8.96404885320716,4.733232288045383,-0.5800171412525437
2022-02-04,14.460542,9.865878642857142,7.71063,6.700330807836844,1.705395,27.958402,4,2,35,9.120923679397931,4.488849346112611,0.8507689744894584
2022-02-05,4.880536,9.804973642857144,7.71063,6.7445154605862925,1.705395,27.958402,5,2,36,9.325969678806135,1.7337610978002558,-6.179194776606391
2022-02-06,5.424843,9.065000999999999,7.175424,6.604868883330857,1.705395,27.958402,6,2,37,9.554953329388814,-2.3102819896969846,-1.8198283396918296
2022-02-07,6.477001,7.530615214285715,6.8488240000000005,3.7610574910161065,1.705395,14.460542,0,2,38,9.741723778857518,-3.192546670942745,-0.07217610791477291
2022-02-08,8.236814,7.592819,6.8488240000000005,3.76532387227621,1.705395,14.460542,1,2,39,9.844747438747468,-1.8781456667454228,0.2702122279979555
2022-02-09,9.161995,7.767764285714286,7.520092999999999,3.7781656061194497,1.705395,14.460542,2,2,40,9.864576797845382,-4.108344103149143,3.4057623053037602
2022-02-10,7.982699,7.7625785714285715,7.483793,3.7777903976455693,1.705395,14.460542,3,2,41,9.82442406921486,-2.520231009999578,0.6785059407847172
2022-02-11,6.567608,8.1098795,7.483793,3.3807365436662336,3.828081,14.460542,4,2,42,9.757149014863469,-3.3933680918636306,0.20382707700016134
2022-02-12,9.307135,8.275754357142857,8.1097565,3.378262463750557,3.828081,14.460542,5,2,43,9.693334293436804,1.6598361943898858,-2.046035487826689
2022-02-13,18.995782,9.359161571428572,8.6994045,4.17933508003801,4.100249,18.995782,6,2,44,9.658320718083738,2.3024693727484578,7.034991909167802
2022-02-14,20.266053,9.895709285714286,8.6994045,5.041911362652092,4.100249,20.266053,0,2,45,9.65460740488466,1.9025340252782346,8.708911569837104
2022-02-15,23.495047,10.890969142857143,8.6994045,6.21062335206458,4.100249,23.495047,1,2,46,9.67616558315983,4.5392531160182,9.279628300821967
2022-02-16,9.906056,11.305669642857143,9.234565,5.908809942985995,4.880536,23.495047,2,2,47,9.708652168518682,2.3889322117979668,-2.191528380316649
2022-02-17,1.995697,10.511272,8.6994045,6.3756823112180925,1.995697,23.495047,3,2,48,9.75101034767562,2.2947603118884814,-10.050073659564102
2022-02-18,7.529246,10.016179428571428,8.1097565,6.314241147586292,1.995697,23.495047,4,2,49,9.846883917589125,5.8325105863912565,-8.150148503980382
2022-02-19,3.701184,9.931939999999999,8.1097565,6.395372861008536,1.995697,23.495047,5,2,50,10.068135346409402,0.7655344967618021,-7.132485843171205
2022-02-20,4.771642,9.885282785714285,8.1097565,6.433055249434421,1.995697,23.495047,6,2,51,10.456537615223606,-4.937404221570675,-0.7474913936529326
2022-02-21,2.648814,9.611840857142857,8.1097565,6.666205857037179,1.995697,23.495047,0,2,52,11.002472173858058,-5.579112755803832,-2.7745454180542257
2022-02-22,5.569767,9.421337499999998,7.7559725,6.7461526794664115,1.995697,23.495047,1,2,53,11.669312504213194,-1.5661131267297927,-4.533432377483401
2022-02-23,8.817526,9.396732571428572,7.7559725,6.747799309808175,1.995697,23.495047,2,2,54,12.423842450882466,-4.569501624186965,0.9631851733045007
2022-02-24,14.550706,9.865875928571429,8.173386,6.869156012083152,1.995697,23.495047,3,2,55,13.234997365120469,-0.7321847111713116,2.0478933460508433
2022-02-25,6.640263,9.87106557142857,8.173386,6.866499424582076,1.995697,23.495047,4,2,56,14.084976983819773,-1.6168956393039775,-5.827818344515796
2022-02-26,9.887823,9.912543285714284,8.173386,6.864584496542801,1.995697,23.495047,5,2,57,14.956100347340863,-2.6766403161685437,-2.391637031172321
2022-02-27,6.259366,9.002799285714286,7.0847545,6.396190962265331,1.995697,23.495047,6,2,58,15.794584367028001,-1.9240981644094437,-7.611120202618558
2022-02-28,18.578525,8.88226157142857,7.0847545,6.179846853279741,1.995697,23.495047,0,2,59,16.541087961037398,0.9349487792055889,1.1024882597570134
2022-03-01,40.421633,10.09130342857143,7.0847545,9.834046408133796,1.995697,40.421633,1,3,60,17.16572548764147,8.566029344656135,14.689878167702393
2022-03-02,44.721259,12.578103642857144,7.0847545,13.50165558461914,1.995697,44.721259,2,3,61,17.674820879886852,11.402355276729,15.644082843384155
2022-03-03,32.493333,14.756506214285713,8.173386,14.109527733310427,2.648814,44.721259,3,3,62,18.099542309578283,4.3848977273026595,10.00889296311906
2022-03-04,10.159836,14.9444055,9.3526745,14.023128829005827,2.648814,44.721259,4,3,63,18.472449815204595,-7.632639877385825,-0.6799739378187688
2022-03-05,11.266839,15.48480942857143,10.0238295,13.698545133287444,2.648814,44.721259,5,3,64,18.81848201281113,-4.127435295912386,-3.4242077168987457
2022-03-06,23.368259,16.813139214285716,10.7133375,13.479688950164139,2.648814,44.721259,6,3,65,19.158893128963385,0.7914262560888603,3.417939614947752
2022-03-07,10.885815,17.401496428571427,11.076327,12.98456168838767,5.569767,44.721259,0,3,66,19.51398236527134,-1.4016164928013706,-7.22655087246997
2022-03-08,14.623066,18.048160642857145,12.9087725,12.56876580136724,6.259366,44.721259,1,3,67,19.906036774246406,-2.2029794025380376,-3.0799913717083705
2022-03-09,15.475635,18.523739857142857,14.586886,12.316053229678102,6.259366,44.721259,2,3,68,20.328977128009473,-4.836960043732632,-0.016382084276841624
2022-03-10,7.63802,18.02997657142857,12.9449525,12.622348438254443,6.259366,44.721259,3,3,69,20.77946656033428,-3.992197799739145,-9.149248760595135
2022-03-11,14.532141,18.593682142857144,14.577603499999999,12.245151078331403,6.259366,44.721259,4,3,70,21.30100879107131,-0.7417483952745081,-6.027119395796804
2022-03-12,21.825505,19.446373714285716,15.0493505,12.005581903194274,6.259366,44.721259,5,3,71,21.954320939037363,1.204069182130029,-1.33288512116739
2022-03-13,25.889439,20.848521785714286,17.027079999999998,11.481870685383745,7.63802,44.721259,6,3,72,22.777777553330584,10.178629876225648,-7.066968429556232
2022-03-14,25.962716,21.375964000000003,18.650570000000002,11.539033990593378,7.63802,44.721259,0,3,73,23.75092375846119,6.639192278352967,-4.427400036814156
2022-03-15,25.671728,20.322399357142853,18.650570000000002,10.269885299941972,7.63802,44.721259,1,3,74,24.778127504081507,1.372271872887529,-0.47867137696903583
2022-03-16,18.088629,18.420068642857142,16.782132,7.494297221872387,7.63802,32.493333,2,3,75,25.74711998542137,-7.913783674753579,0.25529268933220806
2022-03-17,32.857018,18.446046142857142,16.782132,7.5472749564865955,7.63802,32.857018,3,3,76,26.578347151832965,-0.641902881976979,6.920573730144014
2022-03-18,31.005642,19.935032285714282,19.957067000000002,7.837487449564285,7.63802,32.857018,4,3,77,27.22953588506156,1.01392490580433,2.7621812091341127
2022-03-19,40.568025,22.027974142857143,22.596882,9.147500115218309,7.63802,40.568025,5,3,78,27.664370620845343,0.11438592235902212,12.789268456795636
2022-03-20,28.15726,22.370045642857146,23.7486165,9.289909577756768,7.63802,40.568025,6,3,79,27.83597833987779,-1.6760974893961142,1.9973791495183235
2022-03-21,27.123134,23.529854142857143,25.7805835,8.74336484425461,7.63802,40.568025,0,3,80,27.724812070233472,-2.317237167099496,1.7155590968660235
2022-03-22,39.842155,25.331217642857144,25.926077499999998,9.344414671552645,7.63802,40.568025,1,3,81,27.31744578892754,-0.3848860563767963,12.909595267449252
2022-03-23,45.629708,27.48508,26.542925,10.32205849699738,7.63802,45.629708,2,3,82,26.60565915167445,5.914427792452452,13.109621055873102
2022-03-24,30.135182,29.09202014285714,27.640197,8.602545456251303,14.532141,45.629708,3,3,83,25.610304274769746,0.6170606510188483,3.9078170742114047
2022-03-25,34.34431,30.50717507142857,29.146221,7.59356219100257,18.088629,45.629708,4,3,84,24.359659398649335,3.4325141474501244,6.552136453900541
2022-03-26,18.19752,30.248033285714286,29.146221,7.9654275947278395,18.088629,45.629708,5,3,85,22.89029275227314,-0.7992721960885105,-3.8935005561846303
2022-03-27,12.881595,29.318901571428572,29.146221,9.179133158998994,12.881595,45.629708,6,3,86,21.27331795519558,-5.028597141648532,-3.3631258135470468
2022-03-28,14.241913,28.48170135714286,29.146221,10.006049155648007,12.881595,45.629708,0,3,87,19.584256554820993,-5.57442550757002,0.2320819527490272
2022-03-29,16.328249,27.81431,29.146221,10.5069499086133,12.881595,45.629708,1,3,88,17.889566770818586,-0.053510426919467946,-1.5078073438991204
2022-03-30,12.336944,27.403475357142856,29.146221,11.016578237780516,12.336944,45.629708,2,3,89,16.242945349604174,-1.7069007956245723,-2.1991005539796014
2022-03-31,6.712749,25.536027571428573,27.640197,12.175912290806439,6.712749,45.629708,3,3,90,14.687723087129786,1.4732160666168275,-9.448190153746614
2022-04-01,14.314873,24.343829785714288,22.660327000000002,12.413968099094397,6.712749,45.629708,4,4,91,13.2781237613838,2.323197428122613,-1.2864481895064124
2022-04-02,11.611241,22.275488071428573,17.2628845,11.904710231750927,6.712749,45.629708,5,4,92,12.067224454202975,3.0453749385863467,-3.5013583927893226
2022-04-03,5.878351,20.68413742857143,15.321560999999999,12.530593150321822,5.878351,45.629708,6,4,93,11.11730125209008,2.3749110535415427,-7.613861305631622
2022-04-04,10.903622,19.525600857142855,14.278393000000001,12.63880425352058,5.878351,45.629708,0,4,94,10.453082358055243,3.4929924500366254,-3.042452808091868
2022-04-05,6.749169,17.16181614285714,13.561754,11.59861395157007,5.878351,45.629708,1,4,95,10.030886783166977,-0.9504075822542817,-2.3313102009126956
2022-04-06,4.735184,14.240778714285714,12.6092695,8.653180283147671,4.735184,34.34431,2,4,96,9.788047903321504,0.07542139336818357,-5.128285296689687
2022-04-07,12.463987,12.9785505,12.4004655,7.346520522524761,4.735184,34.34431,3,4,97,9.673412304022897,-1.1348317917990178,3.9254064877761206
2022-04-08,4.35431,10.836407642857143,11.974092500000001,4.431241449133055,4.35431,18.19752,4,4,98,9.642648441597343,-3.9800639854263538,-1.3082744561709898
2022-04-09,6.386183,9.992740714285715,11.2574315,4.027982888732581,4.35431,16.328249,5,4,99,9.682555593981833,-2.0529650146526395,-1.2434075793291939
2022-04-10,6.132209,9.510641714285715,8.8263955,4.0594121757740504,4.35431,16.328249,6,4,100,9.786759258404825,-1.338427502520821,-2.3161227558840043
2022-04-11,6.477083,8.956011,6.730959,3.8901818333167624,4.35431,16.328249,0,4,101,9.938637811072192,-1.4093755922128137,-2.0521792188593784
2022-04-12,14.677334,8.8380885,6.730959,3.668207010863004,4.35431,14.677334,1,4,102,10.121034634700369,0.41661115554500594,4.139688209754626
2022-04-13,16.908809,9.164650285714286,6.730959,4.172494162321343,4.35431,16.908809,2,4,103,10.315728704515417,2.5129318770102724,4.080148418474312
2022-04-14,22.660063,10.303744142857143,8.8263955,5.4368759054651905,4.35431,22.660063,3,4,104,10.499358432335232,4.68861580772489,7.472088759939879
2022-04-15,14.314483,10.303716285714286,8.8263955,5.436853773512838,4.35431,22.660063,4,4,105,10.63643536714708,0.2038733117559185,3.474174321097001
2022-04-16,3.102463,9.695946428571428,6.613126,5.746229369878549,3.102463,22.660063,5,4,106,10.708713284627748,-2.259288915125071,-5.346961369502678
2022-04-17,7.438654,9.807396642857144,7.0939115,5.681254017681229,3.102463,22.660063,6,4,107,10.723293996932831,-1.6359953818988906,-1.648644615033941
2022-04-18,7.928502,9.59488807142857,7.0939115,5.692726197787801,3.102463,22.660063,0,4,108,10.692040133716946,-1.533585468527461,-1.2299526651894848
2022-04-19,6.368109,9.5676695,6.9578685,5.708268796917615,3.102463,22.660063,1,4,109,10.63419373463307,0.8668967123243438,-5.132981446957415
2022-04-20,11.901544,10.079552357142857,7.683578,5.561004625578343,3.102463,22.660063,2,4,110,10.573327571680911,-0.869665209030319,2.1978816373494077
2022-04-21,12.355086,10.071773714285714,7.683578,5.5574878074255,3.102463,22.660063,3,4,111,10.514061672928296,-0.6263267127147404,2.467351039786445
2022-04-22,11.393489,10.574572214285714,9.6609955,5.313494944411793,3.102463,22.660063,4,4,112,10.462106981616081,-0.6575675576864005,1.5889495760703198
2022-04-23,13.044504,11.050166571428573,11.6475165,5.206676702789758,3.102463,22.660063,5,4,113,10.429265457711773,0.5419322443313473,2.0733062979568793
2022-04-24,11.429815,11.428567,11.6656795,5.010577117151581,3.102463,22.660063,6,4,114,10.4302394177023,1.3834838798816558,-0.3839082975839556
2022-04-25,6.676657,11.442822285714286,11.6656795,4.995668042425532,3.102463,22.660063,0,4,115,10.467974319327359,0.6236515425024478,-4.4149688618298075
2022-04-26,7.492974,10.929653714285715,11.411652,5.00683791785665,3.102463,22.660063,1,4,116,10.523444702472197,1.5308867402467194,-4.561357442718917
2022-04-27,9.343421,10.389268857142858,10.368455,4.711419452478506,3.102463,22.660063,2,4,117,10.565354267863572,-0.25653762440333944,-0.9653956434602335
2022-04-28,11.974092,9.625985214285715,10.368455,3.19073178209976,3.102463,14.314483,3,4,118,10.56785587689478,-0.9419413700536179,2.348177493158838
2022-04-29,11.520842,9.42643942857143,10.368455,2.9534987392047247,3.102463,13.044504,4,4,119,10.533569075392174,0.6425934209128772,0.34467950369494815
2022-04-30,12.990005,10.13269242857143,11.411652,2.4670790568373153,6.368109,13.044504,5,4,120,10.488392771921944,0.18770034320312373,2.3139118848749316
2022-05-01,15.929489,10.739180642857141,11.4753285,2.7779301096578926,6.368109,15.929489,6,5,121,10.448370034430832,0.5943243431667777,4.886794622402391
2022-05-02,9.778789,10.871344000000002,11.4753285,2.676069758153229,6.368109,15.929489,0,5,122,10.419474155585394,-0.62363587668744,-0.01704927889795549
2022-05-03,8.07347,10.9931555,11.4753285,2.4874884217701814,6.676657,15.929489,1,5,123,10.403995526950181,-1.492515655418522,-0.8380098715316588
2022-05-04,9.86977,10.848028785714288,11.411652,2.489682449007009,6.676657,15.929489,2,5,124,10.388374049900513,-0.3394073398744796,-0.17919671002603188
2022-05-05,11.502386,10.787121642857143,11.411652,2.4602340328897863,6.676657,15.929489,3,5,125,10.35359015475725,0.6159738841210749,0.5328219611216749
2022-05-06,8.926174,10.610884857142855,10.6497925,2.501482368952785,6.676657,15.929489,4,5,126,10.281155944688447,-0.5174087770518757,-0.8375731676365721
2022-05-07,11.411797,10.494262928571429,10.640783500000001,2.415891796439129,6.676657,15.929489,5,5,127,10.161782394776855,1.6758106806318809,-0.4257960754087353
2022-05-08,7.855745,10.238972214285715,9.8242795,2.496906139993064,6.676657,15.929489,6,5,128,10.01237052089234,0.6956652138550634,-2.8522907347474034
2022-05-09,7.365881,10.2882025,9.8242795,2.4270852458863392,7.365881,15.929489,0,5,129,9.869151884871643,-1.8946191119931697,-0.6086517728784742
2022-05-10,12.318801,10.632904428571427,10.640783500000001,2.3407134400159517,7.365881,15.929489,1,5,130,9.755717190303104,0.15131739753087206,2.411766412166024
2022-05-11,14.151585,10.976344714285714,11.4570915,2.4852370346754973,7.365881,15.929489,2,5,131,9.666586536243997,1.8325506217624516,2.6524478419935527
2022-05-12,9.760948,10.818263000000002,10.640783500000001,2.4872764293849245,7.365881,15.929489,3,5,132,9.581281269057481,1.0063695606633145,-0.8267028297207943
2022-05-13,8.182296,10.579795428571428,9.8242795,2.5732894585512827,7.365881,15.929489,4,5,133,9.485861410833671,1.0154547869029547,-2.3190201977366263
2022-05-14,7.366108,10.1780885,9.769868500000001,2.606842484505034,7.365881,15.929489,5,5,134,9.3649718530658,-1.2855643071268565,-0.7132995459389431
2022-05-15,6.168472,9.480873,9.343561000000001,2.228073417944702,6.168472,14.151585,6,5,135,9.203552203659681,-2.769477535732148,-0.2656026679275332
2022-05-16,8.164154,9.36554192857143,8.554234999999998,2.2531144670665935,6.168472,14.151585,0,5,136,8.999218617731676,-1.2077298939457735,0.3726652762140965
2022-05-17,7.039507,9.29168742857143,8.554234999999998,2.314825931686551,6.168472,14.151585,1,5,137,8.757302017288657,-1.2212555145864137,-0.4965395027022428
2022-05-18,8.109932,9.165984714285715,8.173224999999999,2.328759957943547,6.168472,14.151585,2,5,138,8.487527730292035,-0.8173803762561527,0.43978464596411904
2022-05-19,16.328515,9.510708214285714,8.173224999999999,2.9701073185471,6.168472,16.328515,3,5,139,8.200291053649774,3.6701057952751013,4.458118151075123
2022-05-20,16.872799,10.078324285714286,8.173224999999999,3.5521180649312734,6.168472,16.872799,4,5,140,7.900664007366664,2.844209997507838,6.1279249951254995
2022-05-21,6.168651,9.703813857142856,8.137043,3.674986536652523,6.168472,16.872799,5,5,141,7.591249483140061,-2.192857354501831,0.7702588713617704
2022-05-22,2.75775,9.339671357142858,8.137043,4.100167787767325,2.75775,16.872799,6,5,142,7.2814139626947565,-1.109254383753276,-3.4144095789414806
2022-05-23,5.823763,9.22952007142857,8.137043,4.1772624773743505,2.75775,16.872799,0,5,143,6.981049232236534,2.2397789186554835,-3.3970651508920175
2022-05-24,7.510994,8.886105285714285,7.810463,4.1006789930760705,2.75775,16.872799,1,5,144,6.696306432084096,-0.03123026226217314,0.8459178301780765
2022-05-25,6.458753,8.336617285714286,7.438551,3.8484965124529404,2.75775,16.872799,2,5,145,6.429892446830631,0.634667822196954,-0.6058072690275855
2022-05-26,5.297629,8.017808785714285,7.2028075000000005,3.9058714979881564,2.75775,16.872799,3,5,146,6.192880500481657,0.45396645291593374,-1.3492179533975905
2022-05-27,3.120606,7.656259499999999,6.74913,4.117984073091779,2.75775,16.872799,4,5,147,6.001396376728949,-1.3525892618332582,-1.5282011148956913
2022-05-28,3.320089,7.367258142857142,6.313701999999999,4.27875061267602,2.75775,16.872799,5,5,148,5.872384792013504,-0.909456994617571,-1.6428387973959335
2022-05-29,2.84846,7.130114428571429,6.313701999999999,4.439294096116651,2.75775,16.872799,6,5,149,5.8205621684318745,-3.0342171535515328,0.06211498511965896
2022-05-30,4.771468,6.887779714285714,5.996207,4.470993061956933,2.75775,16.872799,0,5,150,5.849095551989247,-1.2267203207960033,0.1490927688067556
2022-05-31,5.225163,6.758183714285715,5.560696,4.492500313986884,2.75775,16.872799,1,5,151,5.952507871018263,3.1223756901964386,-3.849720561214701
2022-06-01,4.626329,6.509354928571429,5.2613959999999995,4.50831734187558,2.75775,16.872799,2,6,152,6.120239895143335,2.5253240468728184,-4.019234942016153
2022-06-02,3.066104,5.5620398571428575,4.9983155,3.5852305895235483,2.75775,16.872799,3,6,153,6.329304688535616,-2.6958096015656454,-0.5673910869699705
2022-06-03,6.585894,4.8272609285714285,4.9983155,1.584948987886283,2.75775,7.510994,4,6,154,6.550327066924594,-1.1681277822205407,1.2036947152959465
2022-06-04,11.502386,5.208242,4.9983155,2.3758842587889406,2.75775,11.502386,5,6,155,6.769673608498742,1.9960372519874827,2.7366751395137747
2022-06-05,5.098061,5.3754070714285715,5.161612,2.270187194929951,2.84846,11.502386,6,6,156,6.986867791097119,-1.0665842624464015,-0.822222528650717
2022-06-06,10.250828,5.691626,5.161612,2.6189770924683566,2.84846,11.502386,0,6,157,7.20166487356489,1.8161753002443781,1.2329878261907323
2022-06-07,11.86556,6.0026664285714295,5.161612,3.0712118402928086,2.84846,11.86556,1,6,158,7.406575692230256,3.603777587960475,0.8552067198092699
2022-06-08,9.724661,6.235945571428572,5.161612,3.2285244140036347,2.84846,11.86556,2,6,159,7.598191951148445,-0.07528022184582901,2.2017492706973822
2022-06-09,8.744811,6.482172857142857,5.161612,3.282459046283489,2.84846,11.86556,3,6,160,7.774165559009092,-1.9248848559582612,2.895530296949169
2022-06-10,2.975386,6.4718,5.161612,3.294107817311462,2.84846,11.86556,4,6,161,7.922878497221066,-3.970187316376915,-0.9773051808441506
2022-06-11,5.225059,6.607869285714286,5.225111,3.191657093631833,2.84846,11.86556,5,6,162,8.029701035227145,-0.9719321048046968,-1.832709930422448
2022-06-12,11.447917,7.222116214285713,5.9055285,3.2396282869954134,2.975386,11.86556,6,6,163,8.08986095799258,1.3795829485908124,1.9784730934166088
2022-06-13,9.688094,7.573303785714286,7.6653525,3.2199641722517414,2.975386,11.86556,0,6,164,8.109344326542498,0.0028889529771783575,1.575860720480323
2022-06-14,4.499356,7.521460428571429,7.6653525,3.266189995013574,2.975386,11.86556,1,6,165,8.109227453565422,-1.6699896473740001,-1.9398818061914227
2022-06-15,8.037156,7.765090928571429,8.3909835,3.1590789374815413,2.975386,11.86556,2,6,166,8.116829124818041,0.5117376382555066,-0.5914107630735481
2022-06-16,8.763097,8.172019,8.753954,2.859994729976381,2.975386,11.86556,3,6,167,8.147252913403062,1.9156891880627287,-1.29984510146579
2022-06-17,6.059616,8.134427714285714,8.753954,2.885788501412843,2.975386,11.86556,4,6,168,8.20459859963629,-2.227710543665222,0.08272794402893169
2022-06-18,9.652107,8.002264928571428,8.753954,2.759274541593408,2.975386,11.86556,5,6,169,8.28894106394991,2.286571262506256,-0.923405326456165
2022-06-19,14.859138,8.699484714285713,9.207602000000001,3.1714282124957736,2.975386,14.859138,6,6,170,8.407518221226397,5.697282093259828,0.7543376855137751
2022-06-20,7.656162,8.514151428571427,8.753954,3.149534985360004,2.975386,14.859138,0,6,171,8.55972688699175,-1.6298783365301581,0.7263134495384076
2022-06-21,2.794041,7.866185785714285,8.3909835,3.33471379666828,2.794041,14.859138,1,6,172,8.728212670405592,-3.164284817231524,-2.769886853174068
2022-06-22,5.116203,7.537010214285714,7.846659,3.364470386691618,2.794041,14.859138,2,6,173,8.897650217237768,-0.8947394148007137,-2.886707802437055
2022-06-23,10.722255,7.678256214285715,7.846659,3.4592494553870967,2.794041,14.859138,3,6,174,9.06780701533199,0.17414703334363474,1.4803009513243754
2022-06-24,9.633964,8.153868928571429,8.400126499999999,3.2118074071076665,2.794041,14.859138,4,6,175,9.241032337741101,0.9399091490000421,-0.5469774867411434
2022-06-25,8.509079,8.388441785714285,8.636088,3.099405567169332,2.794041,14.859138,5,6,176,9.409185745674005,-0.8305424359821916,-0.06956430969181326
2022-06-26,12.427814,8.458434428571428,8.636088,3.1837284265870545,2.794041,14.859138,6,6,177,9.549768216241992,-0.2839424766916025,3.1619882604496112
2022-06-27,11.683896,8.600991714285714,8.636088,3.28606229863429,2.794041,14.859138,0,6,178,9.642553758768244,1.4653390372419548,0.5760032039898011
2022-06-28,10.994514,9.064931571428572,9.1985305,3.116566667658011,2.794041,14.859138,1,6,179,9.680048684529854,0.19591300546427917,1.1185523100058674
2022-06-29,7.329795,9.014405785714285,9.1985305,3.1401552833653525,2.794041,14.859138,2,6,180,9.656570649004685,-2.463993189915577,0.13721754091089267
2022-06-30,12.899761,9.309881785714285,9.6430355,3.3049848335594225,2.794041,14.859138,3,6,181,9.570081051848485,0.564769262456595,2.76491068569492
2022-07-01,15.693318,9.998003357142858,10.187181,3.5685904760617957,2.794041,15.693318,4,7,182,9.419272088589763,3.973695500191824,2.300350411218412
2022-07-02,3.211234,9.537941,10.178109500000001,4.005095644864245,2.794041,15.693318,5,7,183,9.207077943409583,-2.6250436420220047,-3.370800301387579
2022-07-03,6.241212,8.922374857142858,9.0715215,3.7802998022950987,2.794041,15.693318,6,7,184,8.946372470668237,-3.608999249619775,0.9038387789515383
2022-07-04,16.546019,9.557364642857143,10.178109500000001,4.266599730319273,2.794041,16.546019,0,7,185,8.65627931452824,1.7998292579050452,6.089910427566716
2022-07-05,9.67025,10.04852242857143,10.1962525,3.798210562308,3.211234,16.546019,1,7,186,8.356894923840214,0.6639291773003039,0.6494258988594819
2022-07-06,7.710786,10.233849785714286,10.1962525,3.5970033963852748,3.211234,16.546019,2,7,187,8.064025113643666,0.06359492782166337,-0.41683404146532954
2022-07-07,4.898555,9.817871214285715,9.652107,3.863078993473326,3.211234,16.546019,3,7,188,7.789473007308071,-0.8912414406431245,-1.999676566664946
2022-07-08,6.059693,9.562566142857142,9.0896645,3.992121887509283,3.211234,16.546019,4,7,189,7.551869504595325,1.0167836711458553,-2.50896017574118
2022-07-09,9.652124,9.644212214285716,9.661187,3.980590828366616,3.211234,16.546019,5,7,190,7.366550192526713,2.687916605711658,-0.4023427982383705
2022-07-10,5.442927,9.145291714285715,8.681455,4.042122430807225,3.211234,16.546019,6,7,191,7.24051085132774,1.1309357882464601,-2.9285196395742004
2022-07-11,4.263503,8.615263642857142,7.5202905,4.168177349631021,3.211234,16.546019,0,7,192,7.18002069520338,-0.9582372554117824,-1.9582804397915972
2022-07-12,2.884657,8.035988142857143,6.7855035,4.370700614479,2.884657,16.546019,1,7,193,7.184315419287752,-1.6060596900846456,-2.6935987292031065
2022-07-13,5.370199,7.8960170000000005,6.1504525,4.426083060030797,2.884657,16.546019,2,7,194,7.244826305617311,0.7635521713824596,-2.6381794769997704
2022-07-14,8.109726,7.553871642857142,6.1504525,4.188281046233772,2.884657,16.546019,3,7,195,7.352055119991903,-1.5036443588981894,2.2613152389062865
2022-07-15,4.953055,6.78671,5.75131,3.511697135073586,2.884657,16.546019,4,7,196,7.503501278081292,-2.880972308932004,0.3305260308507121
2022-07-16,6.077924,6.991473571428571,6.0688085,3.3678065593422613,2.884657,16.546019,5,7,197,7.699189283491458,1.1249073820543962,-2.7461726655458545
2022-07-17,6.712919,7.025166928571429,6.0688085,3.3620778843563786,2.884657,16.546019,6,7,198,7.923646120336426,-0.3417001081642792,-0.869027012172146
2022-07-18,8.581526,6.456274571428572,6.0688085,2.0417012194433073,2.884657,9.67025,0,7,199,8.15422062741553,0.16533310860727674,0.261972263977194
2022-07-19,10.522706,6.517164285714285,6.0688085,2.1545192397649107,2.884657,10.522706,1,7,200,8.37707746395135,-0.7519017252646435,2.8975302613132925
2022-07-20,11.484243,6.786696928571429,6.0688085,2.5203091893334366,2.884657,11.484243,2,7,201,8.579693306271206,0.8676743455907792,2.0368753481380146
2022-07-21,12.645321,7.340037357142856,6.3954215,2.8962476596360087,2.884657,12.645321,3,7,202,8.750985882573982,2.044785993483244,1.8495491239427722
2022-07-22,14.114915,7.915410357142856,7.411322500000001,3.381763135183547,2.884657,14.114915,4,7,203,8.879650120179553,2.581417980840622,2.6538468989798236
2022-07-23,12.173661,8.095520142857143,7.411322500000001,3.544601046268389,2.884657,14.114915,5,7,204,8.959904171812537,2.5967880946046336,0.6169687335828282
2022-07-24,6.331927,8.159020142857143,7.411322500000001,3.501121956389787,2.884657,14.114915,6,7,205,9.00016769288776,-1.1387216483198008,-1.5295190445679596
2022-07-25,8.037389,8.428583428571429,8.0735575,3.318648399693398,2.884657,14.114915,0,7,206,9.012310883859552,-1.2797975875505025,0.30487570369094996
2022-07-26,8.436292,8.825128785714286,8.273009,2.9120177739194624,4.953055,14.114915,1,7,207,9.000710518129656,-1.0262995512744049,0.46188103314474915
2022-07-27,5.22504,8.814760285714286,8.273009,2.925492885005293,4.953055,14.114915,2,7,208,8.96039226167089,-3.2013467777196425,-0.5340054839512476
2022-07-28,7.14817,8.746077714285715,8.2368405,2.954462332454049,4.953055,14.114915,3,7,209,8.883616460814713,-0.771670259068429,-0.963776201746283
2022-07-29,7.873873,8.954707571428571,8.2368405,2.7629328017528247,5.22504,14.114915,4,7,210,8.785424735036942,-1.9553876379486896,1.0438359029117468
2022-07-30,8.744954,9.145209714285714,8.508909,2.638464115947349,5.22504,14.114915,5,7,211,8.692888190244961,-0.6662023310356789,0.7182681407907179
2022-07-31,5.406631,9.051903428571428,8.508909,2.7517610499404297,5.22504,14.114915,6,7,212,8.627058867602047,-1.334786947781803,-1.8856409198202435
2022-08-01,8.45465,9.042840857142856,8.445471000000001,2.753637626254498,5.22504,14.114915,0,8,213,8.602607277481672,0.8081116584463949,-0.9560689359280659
2022-08-02,7.275393,8.810889928571429,8.2368405,2.7561597603351853,5.22504,14.114915,1,8,214,8.626050778818849,0.9420532039749129,-2.2927109827937615
2022-08-03,11.24839,8.794043285714286,8.2368405,2.739231120936925,5.22504,14.114915,2,8,215,8.700491142417457,2.894823357937323,-0.3469245003547794
2022-08-04,15.511892,8.998798357142858,8.2368405,3.128703824840594,5.22504,15.511892,3,8,216,8.820410865799134,4.526146680561313,2.1653344536395522
2022-08-05,12.75457,8.901630857142857,8.2368405,2.9749367015065737,5.22504,15.511892,4,8,217,8.973776587698797,1.6139557224110215,2.1668376898901798
2022-08-06,7.493069,8.567302857142858,7.9556309999999995,2.838827509880099,5.22504,15.511892,5,8,218,9.157357337682372,0.5557105339576429,-2.2199988716400147
2022-08-07,5.38841,8.499908785714286,7.9556309999999995,2.90637374275496,5.22504,15.511892,6,8,219,9.37962561792689,-0.8757741112278453,-3.115441506699045
2022-08-08,6.16855,8.366420285714286,7.683471,2.9714403273131786,5.22504,15.511892,0,8,220,9.648208905704925,-0.18379338124460504,-3.2958655244603197
2022-08-09,11.158001,8.560828071428572,7.683471,3.063957577182287,5.22504,15.511892,1,8,221,9.967148649213378,-1.174829280303045,2.365681631089668
2022-08-10,5.860218,8.60619792857143,7.683471,3.015075751278791,5.38841,15.511892,2,8,222,10.320155401179877,-4.339497291933362,-0.12044010924651438
2022-08-11,7.78316,8.651554357142858,7.828516499999999,2.9961720235370084,5.38841,15.511892,3,8,223,10.677347592208898,-1.526610258997398,-1.3675773332115
2022-08-12,9.089392,8.738377142857143,8.118905,2.989507125478438,5.38841,15.511892,4,8,224,11.008245495962148,-2.8399507587636044,0.9210972628014567
2022-08-13,11.647526,8.945703714285715,8.118905,3.0889917524805077,5.38841,15.511892,5,8,225,11.289873605015435,0.02205825527025533,0.33559413971430807
2022-08-14,13.262214,9.506816785714287,8.772021,3.1100787236423577,5.38841,15.511892,6,8,226,11.511066021829247,0.07081056208055009,1.680337416090202
2022-08-15,13.17186,9.843760357142857,10.123696500000001,3.2401296140661544,5.38841,15.511892,0,8,227,11.665431351841605,2.087596588657782,-0.5811679404993857
2022-08-16,14.85876,10.385429428571427,11.2031955,3.407297079942024,5.38841,15.511892,1,8,228,11.752907588569977,4.757130911694399,-1.651278500264377
2022-08-17,14.968023,10.6511175,11.402763499999999,3.618254518172932,5.38841,15.511892,2,8,229,11.77338546263142,2.1471036470277087,1.0475338903408709
2022-08-18,17.652619,10.80402657142857,11.402763499999999,3.8755596399301817,5.38841,17.652619,3,8,230,11.718079360989247,0.8135906243096801,5.120949014701075
2022-08-19,15.548488,11.003592142857144,11.402763499999999,4.051659085939498,5.38841,17.652619,4,8,231,11.578830882556154,-0.26143324463988266,4.231090362083728
2022-08-20,20.10218,11.90424292857143,12.409693,4.578472705214233,5.38841,20.10218,5,8,232,11.35999124557237,1.6420032903103547,7.100185464117274
2022-08-21,7.311467,12.041604142857143,12.409693,4.393042739057726,5.860218,20.10218,6,8,233,11.068732872782213,-2.123447660197345,-1.6338182125848686
2022-08-22,3.447087,11.84721392857143,12.409693,4.720891806001478,3.447087,20.10218,0,8,234,10.717012708701319,-5.6055277019535925,-1.6643980067477262
2022-08-23,9.506669,11.729261642857143,12.409693,4.75990473797301,3.447087,20.10218,1,8,235,10.316828854213789,-1.3872825249178071,0.5771226707040196
2022-08-24,6.259185,11.757759285714286,12.409693,4.7231158723502125,3.447087,20.10218,2,8,236,9.88866395467497,-2.680452343644104,-0.9490266110308649
2022-08-25,9.325278,11.867910571428572,12.409693,4.64055173701055,3.447087,20.10218,3,8,237,9.457415493755317,0.38321838321988366,-0.5153558769751996
2022-08-26,8.200662,11.804429857142859,12.409693,4.68732739110298,3.447087,20.10218,4,8,238,9.046639439299806,1.094151858282306,-1.9401292975821125
2022-08-27,11.357575,11.783719071428573,12.2647175,4.6887143576393395,3.447087,20.10218,5,8,239,8.681732934597749,3.3243003290216464,-0.6484582636193945
2022-08-28,13.879062,11.827779642857143,12.2647175,4.706541162753999,3.447087,20.10218,6,8,240,8.388578885609096,4.4661012377043985,1.0243818766865047
2022-08-29,7.366095,11.413082142857144,10.432122,4.833077757510325,3.447087,20.10218,0,8,241,8.188912610767892,1.1400697112306197,-1.9628873219985117
2022-08-30,3.991364,10.636839571428572,9.4159735,5.102305638802845,3.447087,20.10218,1,8,242,8.09551076638828,-0.3922825712470465,-3.7118641951412332
2022-08-31,5.51532,9.9616465,8.76297,5.110503588535108,3.447087,20.10218,2,8,243,8.100294104431539,-0.6046340213568606,-1.9803400830746778
2022-09-01,4.608211,9.029903071428572,7.7833784999999995,4.778786314318184,3.447087,20.10218,3,9,244,8.174168016146083,2.0199372385563237,-5.585894254702407
2022-09-02,5.551625,8.315841428571428,7.338781,4.466511930654926,3.447087,20.10218,4,9,245,8.281475102635067,-2.203773558537384,-0.526076544097684
2022-09-03,4.39062,7.193587142857143,6.785326,3.0153925059548206,3.447087,13.879062,5,9,246,8.392825574980343,-3.8511393828861578,-0.15106619209418426
2022-09-04,8.019232,7.244141785714285,6.81264,3.0234431277448084,3.447087,13.879062,6,9,247,8.506073947805051,-0.5952681303427001,0.10842618253765046
2022-09-05,6.83992,7.4864869999999994,7.1030075,2.8251513488811497,3.991364,13.879062,0,9,248,8.626776800754815,-2.5548486320267774,0.7679918312719636
2022-09-06,10.141804,7.5318537857142855,7.1030075,2.8649070450355345,3.991364,13.879062,1,9,249,8.752774937531866,-0.6092589880504613,1.998288050518596
2022-09-07,12.373251,7.968572785714286,7.6926635,3.111384965622633,3.991364,13.879062,2,9,250,8.873126215897482,0.41358949289029157,3.0865352912122255
2022-09-08,15.185326,8.387147642857142,7.6926635,3.654684269420191,3.991364,15.185326,3,9,251,8.973621959443975,1.9661119068206963,4.245592133735329
2022-09-09,13.352879,8.755163142857143,7.6926635,3.886514532228199,3.991364,15.185326,4,9,252,9.0424778947356,3.2029411813319566,1.1074599239324439
2022-09-10,10.994394,8.729221642857143,7.6926635,3.8689804224144733,3.991364,15.185326,5,9,253,9.07335662282353,0.010848806261728072,1.910188570914741
2022-09-11,7.674305,8.286024714285714,7.5202,3.5781300207675275,3.991364,15.185326,6,9,254,9.064619615481975,-1.891936700605639,0.5016220851236639
2022-09-12,6.477083,8.222523857142857,7.2571125,3.603510406151827,3.991364,15.185326,0,9,255,9.02738346811849,-1.424419282634236,-1.1258811854842534
2022-09-13,12.191958,8.808280571428572,7.8467685000000005,3.52855249135622,4.39062,15.185326,1,9,256,8.986738973841467,4.321087939862219,-1.115868913703686
2022-09-14,8.599575,9.0285845,8.3094035,3.4011239103100626,4.39062,15.185326,2,9,257,8.978500750598874,1.9946938641038225,-2.3736196147026973
2022-09-15,8.254867,9.28905992857143,8.427221,3.168212826700786,4.39062,15.185326,3,9,258,9.034186721171725,-1.256324686215649,0.47700496504392476
2022-09-16,8.019232,9.465317571428573,8.427221,3.0089296746145022,4.39062,15.185326,4,9,259,9.165505514294496,-1.0955278239673876,-0.050745690327108406
2022-09-17,6.132153,9.589712785714285,8.427221,2.812586319716421,6.132153,15.185326,5,9,260,9.36981969332534,-2.20921893810648,-1.0284477552188598
2022-09-18,4.971162,9.3719935,8.427221,3.051346755814359,4.971162,15.185326,6,9,261,9.641339175418903,0.26760708222175034,-4.937784257640653
2022-09-19,6.458718,9.344764785714286,8.427221,3.0772705138957583,4.971162,15.185326,0,9,262,9.975800164213211,0.8305130080600189,-4.3475951722732304
2022-09-20,4.717084,8.957284785714284,8.1370495,3.302480501820498,4.717084,15.185326,1,9,263,10.361793137971443,-1.2789261251815522,-4.3657830127898904
2022-09-21,9.488768,8.751250285714287,8.1370495,3.1598716290992415,4.717084,15.185326,2,9,264,10.772103380559388,-1.1004829200112807,-0.18285246054810678
2022-09-22,8.636096,8.283448142857143,8.1370495,2.5623672895513363,4.717084,13.352879,3,9,265,11.172689787568336,-2.145740633804782,-0.3908531537635529
2022-09-23,10.595527,8.086494428571429,8.1370495,2.2267248863541598,4.717084,12.191958,4,9,266,11.542035361659309,-1.7120781382001995,0.7655697765408913
2022-09-24,12.772504,8.213502285714286,8.1370495,2.445323955237483,4.717084,12.772504,5,9,267,11.868840366571268,-1.386264988079851,2.289928621508583
2022-09-25,25.508492,9.487372785714285,8.427221,5.217149317338714,4.717084,25.508492,6,9,268,12.151402124522644,6.242642281379815,7.114447594097541
2022-09-26,22.133928,10.605718857142858,8.6178355,6.121878508140272,4.717084,25.508492,0,9,269,12.40033578534891,6.329897783238017,3.403694431413074
2022-09-27,12.863031,10.653652642857143,8.6178355,6.137860379594608,4.717084,25.508492,1,9,270,12.633435033940533,-2.043356586878879,2.272952552938346
2022-09-28,10.649685,10.800089071428571,9.062432000000001,6.109474738248718,4.717084,25.508492,2,9,271,12.849411065870408,-2.7625359799821,0.5628099141116927
2022-09-29,11.339103,11.020391642857144,10.0421475,6.066089704918295,4.717084,25.508492,3,9,272,13.02821515883465,-2.7577855336845762,1.0686733748499258
2022-09-30,19.068077,11.809594857142857,10.622606000000001,6.3573414401293515,4.717084,25.508492,4,9,273,13.153643319984024,2.390269896312416,3.5241637837035604
2022-10-01,17.290366,12.606610071428573,10.994394,6.289903467382739,4.717084,25.508492,5,10,274,13.228243152784255,2.3653533034181313,1.6967695437976111
2022-10-02,10.486478,13.000561214285714,10.994394,5.937751716991839,4.717084,25.508492,6,10,275,13.279472772782956,0.06597053026202072,-2.858965303044977
2022-10-03,6.658418,13.014825499999999,10.994394,5.921043698386752,4.717084,25.508492,0,10,276,13.350508186096102,-0.9884987495805402,-5.703591436515561
2022-10-04,7.51124,13.21440807142857,10.994394,5.661225300451963,6.658418,25.508492,1,10,277,13.47478223282392,-2.998381541364891,-2.9651606914590296
2022-10-05,10.287133,13.271434142857142,10.994394,5.624713001325649,6.658418,25.508492,2,10,278,13.661835336884995,-0.5768096455272468,-2.797892691357747
2022-10-06,10.214264,13.384160428571429,10.994394,5.53984296557181,6.658418,25.508492,3,10,279,13.918641576673258,-0.35002259214534315,-3.354354984527914
2022-10-07,12.953744,13.552604500000001,12.0558035,5.484101043448494,6.658418,25.508492,4,10,280,14.242867561040507,0.8579394003602927,-2.147062961400799
2022-10-08,22.696348,14.2614505,12.101067,5.993231737625467,6.658418,25.508492,5,10,281,14.605359504671464,3.3490863272522002,4.741902168076335
2022-10-09,8.436292,13.042007642857142,10.994394,5.2150868662515375,6.658418,22.696348,6,10,282,14.96144217839164,-3.749921919630203,-2.7752282587614356
2022-10-10,10.250828,12.193214785714286,10.5680815,4.545531033634089,6.658418,22.696348,0,10,283,15.29570690349063,-1.7958867712473559,-3.2489921322432753
2022-10-11,11.88338,12.123239714285713,10.5680815,4.541965633404145,6.658418,22.696348,1,10,284,15.621705425933282,-2.7748417400572145,-0.9634836858760671
2022-10-12,20.211367,12.806217,10.9127905,4.999222258511936,6.658418,22.696348,2,10,285,15.949336713658846,2.935180043393407,1.3268502429477476
2022-10-13,21.988668,13.566900214285713,11.184929,5.539806571279403,6.658418,22.696348,3,10,286,16.26897536013394,1.8014888490260588,3.9182037908400034
2022-10-14,26.543101,14.1008305,11.184929,6.403668648738814,6.658418,26.543101,4,10,287,16.54878537525583,1.0433775524696007,8.950938072274571
2022-10-15,24.492328,14.615256357142856,11.184929,6.9459221364254775,6.658418,26.543101,5,10,288,16.75429185738968,2.4352486404465004,5.30278750216382
2022-10-16,17.761635,15.134910428571429,12.418562000000001,6.885146605417488,6.658418,26.543101,6,10,289,16.882386421132317,2.293602322624839,-1.4143537437571574
2022-10-17,20.864403,16.149623642857144,15.3576895,6.579860471095917,7.51124,26.543101,0,10,290,16.955106730076288,0.7792215856227602,3.1300746843009506
2022-10-18,20.392242,17.069695214285712,18.986500999999997,6.166634941108149,8.436292,26.543101,1,10,291,16.98898632990002,1.3452818503926371,2.0579738197073425
2022-10-19,8.654035,16.95304535714286,18.986500999999997,6.31838410734228,8.436292,26.543101,2,10,292,16.999356626772315,-3.227811277372044,-5.11751034940027
2022-10-20,7.093949,16.730165714285715,18.986500999999997,6.6221125061310895,7.093949,26.543101,3,10,293,17.002553454326232,-0.9405660947851706,-8.968038359541062
2022-10-21,13.752064,16.78718857142857,18.986500999999997,6.590453871024594,7.093949,26.543101,4,10,294,17.009161558363438,-3.8374768677283373,0.5803793093649006
2022-10-22,20.918301,16.660185214285715,18.986500999999997,6.484094004362964,7.093949,26.543101,5,10,295,17.00976287637766,-1.6789090947246814,5.58744721834702
2022-10-23,15.130899,17.13837142857143,18.986500999999997,6.0642090212490185,7.093949,26.543101,6,10,296,16.997841928365858,-1.6275741385206937,-0.23936878984516596
2022-10-24,15.602605,17.520641214285714,18.986500999999997,5.757568297399537,7.093949,26.543101,0,10,297,16.99391170851044,0.2997924006524056,-1.6910991091628436
2022-10-25,11.39384,17.485674071428573,18.986500999999997,5.79579798976433,7.093949,26.543101,1,10,298,17.025119646978148,-1.649512466355911,-3.981767180622235
2022-10-26,9.307389,16.7068185,16.682119999999998,6.124659407476553,7.093949,26.543101,2,10,299,17.10922432013917,-0.013145903649778717,-7.78868941648939
2022-10-27,21.535771,16.674468714285716,16.682119999999998,6.095743055194583,7.093949,26.543101,3,10,300,17.247702276612472,3.5493765064196072,0.7386922169679195
2022-10-28,30.643125,16.967327571428573,16.682119999999998,6.677101000545266,7.093949,30.643125,4,10,301,17.414911895363474,7.533297111049439,5.694915993587088
2022-10-29,18.305881,16.5254385,16.682119999999998,6.336828747884142,7.093949,30.643125,5,10,302,17.576555168289076,1.0500089336834877,-0.32068310197256267
2022-10-30,21.390083,16.784613357142856,16.954242999999998,6.464199417221329,7.093949,30.643125,6,10,303,17.70149435497105,0.7368730896994867,2.9517155553294643
2022-10-31,20.501023,16.758657642857145,16.954242999999998,6.447265065299213,7.093949,30.643125,0,10,304,17.753817245415693,-1.582982733690514,4.330188488274821
2022-11-01,21.335656,16.826044357142855,16.954242999999998,6.4929331631818314,7.093949,30.643125,1,11,305,17.713326782355356,-1.8325378004493045,5.45486701809395
2022-11-02,15.747746,17.332738,17.0268135,6.069108450213733,7.093949,30.643125,2,11,306,17.59399698109018,-0.6341150541920326,-1.2121359268981458
2022-11-03,10.940284,17.607476214285715,17.0268135,5.641991865208837,9.307389,30.643125,3,11,307,17.433476650122785,2.1293861632732067,-8.622578813395991
2022-11-04,18.269794,17.930171214285714,18.287837500000002,5.53265516530949,9.307389,30.643125,4,11,308,17.258449008595182,-2.7865553319951446,3.797900323399965
2022-11-05,16.111065,17.586797214285713,17.1904295,5.481879936279938,9.307389,30.643125,5,11,309,17.062286395690794,-4.036597819542571,3.085376423851777
2022-11-06,13.951632,17.502563857142857,17.1904295,5.531356460031331,9.307389,30.643125,6,11,310,16.837218978304314,-5.137649266123158,2.2520622878188448
2022-11-07,18.360208,17.6995355,18.287837500000002,5.507542352690104,9.307389,30.643125,0,11,311,16.592411394394322,-3.0078660908175583,4.775662696423236
2022-11-08,14.71362,17.936662642857144,18.287837500000002,5.2820157985876515,9.307389,30.643125,1,11,312,16.358855450620563,-0.4183991503659751,-1.226836300254588
2022-11-09,21.86179,18.833405571428575,18.3330445,4.7424447809296275,10.940284,30.643125,2,11,313,16.180069230398672,9.376642335439833,-3.6949215658385057
2022-11-10,14.623305,18.339657999999996,18.287837500000002,4.7989528273932125,10.940284,30.643125,3,11,314,16.086725785058334,1.6207588589056194,-3.084179643963953
2022-11-11,9.488819,16.828636142857142,17.1904295,3.8668886236395847,9.488819,21.86179,4,11,315,16.099761910202034,-0.9522746812874722,-5.6586682289145624
2022-11-12,14.532563,16.55911342857143,15.9294055,3.8874498637321433,9.488819,21.86179,5,11,316,16.237640224226606,3.630572584299369,-5.335649808525975
2022-11-13,14.042498,16.03428592857143,15.230682999999999,3.6752638346745945,9.488819,21.86179,6,11,317,16.49919595146848,1.4355092413405859,-3.8922071928090656
2022-11-14,20.011285,15.999304642857142,15.230682999999999,3.631549628888444,9.488819,21.86179,0,11,318,16.8885622658457,1.5709165868653738,1.5518061472889286
2022-11-15,29.862661,16.60837642857143,15.230682999999999,5.038073736811489,9.488819,29.862661,1,11,319,17.40644189679855,4.433256433974862,8.022962669226587
2022-11-16,7.855702,16.044659,14.6684625,5.556618872855618,7.855702,29.862661,2,11,320,18.051871762411032,-4.565194497647433,-5.630975264763599
2022-11-17,6.694606,15.741396285714286,14.6684625,5.957990523427011,6.694606,29.862661,3,11,321,18.82458858656364,-6.5159165270324495,-5.61406605953119
2022-11-18,10.867396,15.212653571428572,14.577933999999999,6.044187187048099,6.694606,29.862661,4,11,322,19.70579841862282,-5.325389462974314,-3.513012955648506
2022-11-19,14.532589,15.099905285714286,14.532575999999999,6.040860598650574,6.694606,29.862661,5,11,323,20.66825889748962,-3.5222991112720554,-2.613370786217562
2022-11-20,17.653163,15.364300357142858,14.577947,6.0676816311694886,6.694606,29.862661,6,11,324,21.66919776616391,-4.014755918420336,-0.0012788477435776713
2022-11-21,33.056172,16.414012071428573,14.577947,7.68223835051344,6.694606,33.056172,0,11,325,22.63703277265591,8.630323178479996,1.7888160488640885
2022-11-22,30.117476,17.5142875,14.577947,8.481488100320068,6.694606,33.056172,1,11,326,23.49931001356535,3.7232446048094197,2.894921381625231
2022-11-23,26.68839,17.859044642857143,14.577947,8.765152589893896,6.694606,33.056172,2,11,327,24.202445156387085,-1.2014058699611803,3.6873507135740944
2022-11-24,36.974948,19.45559057142857,16.092876,10.069088357284175,6.694606,36.974948,3,11,328,24.744419120502986,14.679728293754701,-2.449199414257688
2022-11-25,30.080426,20.926419642857145,18.832224,10.004956012791101,6.694606,36.974948,4,11,329,25.17274073480366,-3.990120621715488,8.897805886911826
2022-11-26,28.084689,21.89442864285714,23.3498375,9.994343477554503,6.694606,36.974948,5,11,330,25.49787217961457,-1.7789163039509033,4.365733124336334
2022-11-27,29.027998,22.9648215,27.386539499999998,9.89064960496912,6.694606,36.974948,6,11,331,25.702971317443197,4.729425694053087,-1.4043990114962845
2022-11-28,23.948185,23.246028642857144,27.386539499999998,9.856122214617406,6.694606,36.974948,0,11,332,25.76494190958061,-4.755649590679162,2.938892681098551
2022-11-29,21.825505,22.67194607142857,25.318287499999997,9.673456779766138,6.694606,36.974948,1,11,333,25.674455100361758,-10.26005666008948,6.411106559727724
2022-11-30,22.678823,23.73074042857143,25.318287499999997,8.688052277732663,6.694606,36.974948,2,11,334,25.445340707063696,-9.7108851625642,6.944367455500508
2022-12-01,19.830398,24.669011285714284,25.318287499999997,7.306094110244132,10.867396,36.974948,3,12,335,25.084938863821375,-10.801597007137406,5.547056143316031
2022-12-02,17.797856,25.16404414285714,25.318287499999997,6.488003900519877,14.532589,36.974948,4,12,336,24.59807151565033,-2.604180695694435,-4.196034819955894
2022-12-03,32.511357,26.448241857142854,27.386539499999998,5.9813261004947424,17.653163,36.974948,5,12,337,24.057051360731432,15.688262476367333,-7.23395683709877
2022-12-04,27.739981,27.16872885714286,27.912335,5.421745118114913,17.797856,36.974948,6,12,338,23.5956379763448,13.642733760701347,-9.498390737046147
2022-12-05,21.662222,26.354875285714286,27.2141855,5.324296889244514,17.797856,36.974948,0,12,339,23.339182434172248,-1.3602740522447405,-0.3166863819275072
2022-12-06,57.783753,28.331037928571426,27.2141855,9.951690667777509,17.797856,57.783753,1,12,340,23.325416266401483,18.50515935687516,15.953177376723353
2022-12-07,4.626371,26.755179428571427,25.844082999999998,11.805853289858595,4.626371,57.783753,2,12,341,23.52447166272871,-6.205592631513025,-12.692508031215686
2022-12-08,10.813204,24.886483428571427,23.313504000000002,12.129844945636666,4.626371,57.783753,3,12,342,23.8903194958769,-5.674360242053032,-7.402755253823866
2022-12-09,23.839329,24.440690785714285,23.259076,12.0386175321289,4.626371,57.783753,4,12,343,24.363650097651433,2.6004996904693836,-3.124820788120818
2022-12-10,21.880012,23.99749957142857,22.2794175,12.008319397008654,4.626371,57.783753,5,12,344,24.89508324402677,-3.005040236071173,-0.010031007955596749
2022-12-11,8.545396,22.53445657142857,21.8527585,12.582317306723246,4.626371,57.783753,6,12,345,25.444422158050276,-9.801884689129892,-7.097141468920384
2022-12-12,6.513181,21.28909914285714,21.7438635,13.27537061806042,4.626371,57.783753,0,12,346,25.968312040994235,-8.097419402241888,-11.357711638752345
2022-12-13,4.64448,20.061883071428575,20.74631,13.996515584994103,4.626371,57.783753,1,12,347,26.428314191431788,-3.344976104368861,-18.438858087062926
2022-12-14,34.307589,20.892509214285713,20.74631,14.499773039437528,4.626371,57.783753,2,12,348,26.800432957621993,-1.5792129345885781,9.086368976966583
2022-12-15,61.684719,23.88210357142857,21.771117,18.125445975678588,4.626371,61.684719,3,12,349,27.054751849346165,9.616878576931548,25.01308857372229
2022-12-16,65.242437,27.271002214285716,22.8596705,21.092812356298978,4.626371,65.242437,4,12,350,27.151778420934402,10.982473674949109,27.108184904116488
2022-12-17,25.835715,26.794170642857143,22.8596705,21.040625730159928,4.626371,65.242437,5,12,351,27.048344008681553,-2.852114137420766,1.6394851287392136
2022-12-18,31.36929,27.053407,22.8596705,21.075504219852018,4.626371,65.242437,6,12,352,26.714283257571235,9.256201730631059,-4.601194988202295
2022-12-19,30.661267,27.696195928571427,24.837522,21.03562309540407,4.626371,65.242437,0,12,353,25.281901376628564,-1.870324151546533,7.2496897749179645
2022-12-20,20.9547,25.065549285714287,22.8596705,19.206908130928543,4.626371,65.242437,1,12,354,23.774225267063432,-7.8335879640933115,5.014062697029878
2022-12-21,28.374971,26.761877857142856,24.837522,18.289711260128698,4.64448,65.242437,2,12,355,22.26824508583681,2.6415873519736164,3.4651385621895727
2022-12-22,21.081583,27.495333499999997,24.837522,17.800281210111102,4.64448,65.242437,3,12,356,20.747190225689803,-0.450594135903771,0.7849869102139664
2022-12-23,15.239754,26.88107814285714,23.8578635,18.082291954011346,4.64448,65.242437,4,12,357,19.193810460883395,-8.341684524811294,4.387628063927899
2022-12-24,19.303688,26.697055,23.458649,18.15008528397781,4.64448,65.242437,5,12,358,17.599061218637985,-5.132044296673853,6.83667107803587
2022-12-25,33.855008,28.504884428571426,27.105342999999998,17.449996365223967,4.64448,65.242437,6,12,359,15.957983073096903,6.565983144035769,11.331041782867326
2022-12-26,10.631678,28.799062785714288,27.105342999999998,17.081559482420296,4.64448,65.242437,0,12,360,14.266769730759217,-0.22119674428837444,-3.413894986470842
2022-12-27,2.195314,28.624122357142856,27.105342999999998,17.358267567581564,2.195314,65.242437,1,12,361,12.521736657782274,2.0985723965553627,-12.424995054337636
2022-12-28,4.31793,26.48200385714286,23.458649,18.420871688198957,2.195314,65.242437,2,12,362,10.721940065026239,6.884441939170751,-13.28845200419699
2022-12-29,5.061757,22.43750657142857,21.0181415,16.17656206858424,2.195314,65.242437,3,12,363,8.87086298780994,-4.10236142421781,0.2932554364078719
2022-12-30,5.950761,18.20238685714286,20.129194,11.060318709016956,2.195314,33.855008,4,12,364,6.975471211209341,-2.0803892336654517,1.0556790224561103
2022-12-31,8.273009,16.94790785714286,17.271721,11.12374884760116,2.195314,33.855008,5,12,365,5.042661113855698,4.126936554374477,-0.8965886682301747
